	,

2960,6 GRAIN CEREAL ORG

2285,7 BEAN BARLEY SOUP ORG

2959,7 GRAIN CEREAL

2955,12 GRAIN CEREAL ORG

2008,13 BEAN SOUP MIX

2165,32 BEAN & 8 VEGGIE SOUP MIX

6435,AGAR AGAR PWD

2001,AGAVE SYRUP ORG

6530,ALFALFA SEED ORG

5385,ALMOND BUTTER CRUNCHY R ORG

7772,ALMOND BUTTER FRESH GROUND

5415,ALMOND BUTTER HAZELNUT R ORG

5352,ALMOND BUTTER CREAMY R ORG

5390,ALMOND BUTTER CRUNCHY R 

5371,ALMOND BUTTER MAPLE ORG

5370,ALMOND BUTTER RAW ORG

5231,ALMOND CHEEZY V

2840,ALMOND CHILI CHOCO SPROUTED

5327,ALMOND DRY R/S

4375,ALMOND EXTRACT

5120,ALMOND RAW ORG

5115,ALMOND R/S ORG

5132,ALMOND R/U ORG

3486,ALMOND SLICED ORG

2664,ALMOND SLICED HONEY GLAZED ORG

5140,ALMOND TAMARI R ORG

3940,AMARANTH GRAIN ORG

5325,ANIMAL COOKIE

2115,APRICOT KERNELS ORG

2288,REFRIED PINTO INSTANT

2237,RED NIGHT FALL

2100,RIO ZAPE

2100,SANTA MARIA PINQUINTO

2100,SCARLET RUNNER

2630,SNOWCAP

2310,SOY ORG

2315,SOY BLACK ORG

2217,STUBEN YELLOW EYE

2630,SUNSET RUNNER

2525,TIGER EYE

2106,VAQUERO

2316,WHITE RUNNER

2636,YELLOW MOUNTAIN

2349,BEE POLLEN   CALIFORNIA BEE

2351,BEE POLLEN   POLLEN MAN

2340,BEE POLLEN   MOONSHINE

2280,BEETS MARINATED

5350,BISCOTTI SAVORY

5360,BISCOTTI TURKISH COFFEE MINI

2007,BLACK BEAN SALAD

4335,BRAGGS LIQUID AMINOS

5150,BRAZIL NUT RAW ORG

3005,BREADCRUMBS PANKO

6585,BROCCOLI SEED ORG

6865,BROWN RICE SYRUP ORG

6810,BROWN SUGAR CANE

6825,BROWN SUGAR ORG

3015,BUCKWHEAT CREAMY ORG

COV=COVERED IN · FT=FAIR TRADE · GF=GLUTEN FREE · ORG=ORGANIC · PWD=POWDER · R=ROASTED · S=SALTED · U=UNSALTED ·V=VEGAN · WF=WHEAT FREE,

2815,COCONUT CHEWS DARK

2778,DISCS MILK ORG

2095,EARTHBALLS

2025,EASTER BUNNY 

2925,EASTER EGGS DARK

2025,EASTER EGGS MILK 

2791,ESPRESSO BEANS COV DARK ORG

2021,GHOST AND GOBLINS

2705,GOJI BERRY COV

2925,HALLOWEEN BALLS

2021,HALLOWEEN MINI MUNCHKIN

2013,HALLOWEEN MINI V

2700,HOT CHOCOLATE PISTOLES 

2910,MALT BALLS

2782,MILK CHOCOLATE

2793,NUT MIX R COV V

2860,PECAN CARAMEL MILK ORG

2794,PRETZEL COV V

2012,PUMPKIN V

2915,RAINBOW DROPS MILK

2930,RAISIN COV DARK ORG

2799,SCARY MINIS V

2775,UNSWEETENED

2853,WHITE CHUNKS ORG

2011,WITCH VEGAN

2935,WRAPPED NUGGET

,CHOCOLATE CHIPS

2863,BITTERSWEET

2765,DARK ORG

COV=COVERED IN · FT=FAIR TRADE · GF=GLUTEN FREE · ORG=ORGANIC · PWD=POWDER · R=ROASTED · S=SALTED · U=UNSALTED ·V=VEGAN · WF=WHEAT FREE,

,

,

,KALANI

2422,DECAF ORG

2429,FRENCH ORG

2428,OCEANA ORG

2431,SUMATRA ORG

,MUD

2382,MAYAN TEMPLE ORG

2383,RISE AND SHINE

,OUTLAND

2397,ITALIAN

,PEACE COFFEE

2338,BREAKFAST BLEND ORG

2423,SEASONAL BLEND ORG

2382,TWIN CITIES BLEND ORG

,PACHAMAMA

2420,5 SISTERS ORG

2414,BREAKFAST BLEND ORG

2439,FARMERS EXTRA DARK FT ORG

2434,FRENCH FT ORG

2441,PERU ORG

,SF COFFEE COMPANY

2438,FRENCH ROAST ORG

2368,GUATEMALA ORG

2468,COASTA RICAN ORG

2444,ITALIAN ORG

2338,SUMATRA ORG

,SIGHTGLASS

2370,BLUEBOON BLEND

2339,OWLS HOWL ESPRESSO

COV=COVERED IN · FT=FAIR TRADE · GF=GLUTEN FREE · ORG=ORGANIC · PWD=POWDER · R=ROASTED · S=SALTED · U=UNSALTED ·V=VEGAN · WF=WHEAT FREE,

,

,

,

,DRIED FRUIT

3110,APPLE RING DRIED ORG

3120,APRICOT DRIED ORG

3125,APRICOT TURKISH DRIED ORG

3235,APRIUMS DRIED ORG

3130,BANANA DRIED ORG

3105,BARBERRIES DRIED ORG

3115,BILBERRIES DRIED ORG

3009,BLUEBERRY DRIED ORG

6915,CHERRY BERRY MIX ORG

3159,CHERRY SOUR TART DRIED ORG

3155,CHERRY SWEET BING DRIED ORG

3145,CRANBERRIES DRIED

3146,CRANBERRIES DRIED W/ CANE SUGAR

3144,CRANBERRIES DRIED ORG

3150,CURRANTS DRIED ORG

3060,DATE DEGLET PITTED ORG

3080,DATE MEDJOOL ORG

3090,DATE PIECES ORG

3075,DATE RED BERRIES HUNZA

3085,DATE ZAHIDI ORG 

3285,DRAGON FRUIT DRIED ORG

3170,FIGS CALIMYRNA DRIED ORG

3160,FIGS BLACK DRIED ORG

3175,FIGS SMYRNA WHITE DRIED ORG

3170,FIGS TURKISH WHITE ORG

3174,GINGER CRYSTALLIZED ORG

3100,GOJI BERRY ORG

3070,HIMILAYAN SUPER FRUIT MIX

COV=COVERED IN · FT=FAIR TRADE · GF=GLUTEN FREE · ORG=ORGANIC · PWD=POWDER · R=ROASTED · S=SALTED · U=UNSALTED ·V=VEGAN · WF=WHEAT FREE,

,

,

,FLOUR

3505,"""00"" PIZZERIA "

3403,ALL PURPOSE GF

3680,ALL PURPOSE WHITE  ORG

3495,ALMOND BLANCHED

3425,ALMOND ORG FLOUR

3480,AMARANTH ORG

3490,BARLEY ORG

3450,BLACK BEAN ORG

3688,BREAD WHITE  ORG

3500,BUCKWHEAT ORG

3265,CAKE WHITE

3165,COCONUT ORG

3510,CORN ORG

3705,PASTRY WHITE ORG

3400,GARBANZO & FAVA

3550,GARBANZO ORG

3575,GLUTEN ORG

3565,GRAHAM ORG

3515,KAMUT WHEAT ORG

3695,MILLET ORG

3675,OAT ORG

3590,POTATO

3610,QUINOA ORG

3420,RICE BROWN ORG

3625,RICE SWEET WHITE

3630,RICE WHITE ORG

3640,RYE DARK ORG

3650,SEMOLINA ORG

COV=COVERED IN · FT=FAIR TRADE · GF=GLUTEN FREE · ORG=ORGANIC · PWD=POWDER · R=ROASTED · S=SALTED · U=UNSALTED ·V=VEGAN · WF=WHEAT FREE,

,

,

,

3795,GRACIOUS ORG

3715,HAIMALAYAN GOJI ORG

4255,HEMP CHIA GF

4305,HEMP PLUS ORG

3599,HONEY LAVENDER ORG

4322,KARAKORAN CARDAMON CRUNCH

4325,LOW FAT BERRY

3801,MAPLE PECAN

4285,NEW ENGLAND

4325,OIL FREE BERRY

4234,ORANGE CASHEW

4029,ORIGINAL CAFÉ FANNY ORG

3596,ORIGINAL MILL VALLEY ORG

3535,PUMPKIN FLAX PLUS ORG

4005,PISTACHIO MULBERRY ORG

4355,POMEGRANATE PLUS ORG

4670,POMO PLUS

4246,PUMPKIN SPICE

4240,RAISIN ORG

4297,RASPBERRY ORG

2973,RAINFOREST

4297,RASPBERRY ORG

4255,RASPBERRY N CREAM

2997,REBEL CRUNCH

4012,TAHITIAN VANILLA ORG

4006,TRIPLE BERRY ORG

4120,VANILLA NOT SWEET

3595,VERITAS

4115,VERY BERRY CRUNCH

COV=COVERED IN · FT=FAIR TRADE · GF=GLUTEN FREE · ORG=ORGANIC · PWD=POWDER · R=ROASTED · S=SALTED · U=UNSALTED ·V=VEGAN · WF=WHEAT FREE,

,

,

2225,LENTIL FRENCH ORG

2215,LENTIL ORG

2299,LENTIL PETITE GOLDEN 

2220,LENTIL RED SPLIT ORG

2009,LENTIL SALAD

2266,LENTIL SOUP MIX

2835,LICORICE BLACK ORG

2855,LICORICE STONE ORG

5760,LO MEIN NOODLES

2030,LOLLIPOP ORG

2595,LUPINI BEANS IN HARISSA SAUCE

5285,MACADAMIA RAW ORG

5300,MACADAMIA R/S ORG

5305,MACADAMIA S/RAW

6180,MALT PWD

5421,MAPLE SUGAR ORG

6850,MAPLE SYRUP GRADE B ORG

3570,MASA HARINA ORG

2971,MESQUITE MEAL

6190,MILK PWD NON FAT INSTANT

6200,MILK PWD NON FAT ORG

6210,MILK PWD WHOLE ORG

6250,MILK PWD W/ EGG

4070,MILLET ORG

6464,MIRACLE MIX PACIFIC SEA VEG WC

4485,MISO CHICK PEA ORG

4440,MISO BARLEY MUGI EDEN ORG

4465,MISO BARLEY MUGI OHSAWA ORG

4420,MISO BROWN RICE ORG

COV=COVERED IN · FT=FAIR TRADE · GF=GLUTEN FREE · ORG=ORGANIC · PWD=POWDER · R=ROASTED · S=SALTED · U=UNSALTED ·V=VEGAN · WF=WHEAT FREE,

,OLIVES

6985,ANTIPASTO MIX GREEK

2645,ARBEQUINA ORG

2485,ASCOLANA IN CHILES

2552,BLACK W/ CUMIN

2550,BLACK FARGA 

2435,BLACK SUNDRIED

2295,BLACK TAGGIACHE LECCINO PITTED

2550,BLACK WITH FETA CHEESE

2445,CALABRIA SCHIACCIATE

3445,FARMERS MIX

2449,GREEK MIXED ORG

2553,GREEN BOSANO

2448,GREEN CASTELVETRANO

2447,GREEN CASTELVETRANO PITTED

2446,GREEN CERIGNOLA (GIANT GREEN)

5405,GREEN CHOPPED SPREAD

2554,GREEN CINNAMON CARDAMEN 

2467,GREEN CRACKED

2258,GREEN HERBES DE PROVENCE

2465,GREEN LEMON CRACKED

2457,GREEN PICHOLINE

2458,GREEN PITTED

2485,GREEN PITTED W/ CHILES

2295,GREEN SONOMA LOCAL 

2458,GREEN SONOMA PITTED 

2550,GREEN STUFFED W VARIOUS

2459,HOT TUNISIAN MIX

,

COV=COVERED IN · FT=FAIR TRADE · GF=GLUTEN FREE · ORG=ORGANIC · PWD=POWDER · R=ROASTED · S=SALTED · U=UNSALTED ·V=VEGAN · WF=WHEAT FREE,

,

,

5770,FETTUCCINE BROWN RICE

6008,FETTUCCINE KALE FRESH

5765,FETTUCCINE NEST

6071,FETTUCCINE NEST SPINACH

4980,FUSILLI BROWN RICE

6044,FUSILLI EGG

5797,FUSILLI TRI COLOR

3114,FUSILLI TRI COLOR FRESH

5995,FUSILLI WHOLE WHEAT

5860,FUSILLIONI WHOLE SPELT WHEAT

6095,GARGANELLI

5105,GEMELLI

3113,GNOCCHI FRESH GF

6069,GNOCCHI PUMPKIN FRESH

5685,GNOCCHI STINGING NETTLE

5722,LASAGNA

5815,LASAGNE GARDENTIME ORG

6029,LASAGNA SHEET EGG LARGE

6028,LASAGNA SHEET GF

5733,LASAGNA SPINACH

5830,LASAGNE WHOLE WHEAT ORG

6070,LIL DREAMS GF WF

6004,LINGUINI

6027,LINGUINI GF

5894,LINGUINI ORG

2605,MUSHROOM ALFREDO SAUCE

5888,ORECCHIETTE RUSTICHELLA

5860,ORECCHIETTE WHOLE SPELT WHEAT

5255,ORZO MELON SEED

COV=COVERED IN · FT=FAIR TRADE · GF=GLUTEN FREE · ORG=ORGANIC · PWD=POWDER · R=ROASTED · S=SALTED · U=UNSALTED ·V=VEGAN · WF=WHEAT FREE,

5080,PANCAKE & WAFFLE MIX ORG

2255,PEA GREEN SPLIT ORG

2270,PEA YELLOW SPLIT ORG

7773,PEANUT BUTTER CHOCOLATE FRESH

5451,PEANUT BUTTER CREAMY ORG

5454,PEANUT BUTTER CREAMY ORG

5456,PEANUT BUTTER CREAMY ORG

5450,PEANUT BUTTER CRUNCHY ORG

5452,PEANUT BUTTER CRUNCHY ORG

5455,PEANUT BUTTER CRUNCHY ORG

7771,PEANUT BUTTER FRESH ORG

5240,PEANUT BUTTER STOCK ORG

5230,PEANUT IN SHELL

5225,PEANUT IN SHELL R/S

5650,PEANUT OIL

5220,PEANUT RAW

5320,PEANUT R/S SPANISH

5240,PEANUT R/U ORG

5380,PECAN BUTTER ORG

5250,PECAN HALVES RAW ORG

5320,PECAN IN SHELL

5299,PECAN MAPLE COATED

5260,PECAN PIECES ORG

2655,PEPPERS GOATHORN IN BRINE

2528,PEPPER RED R SPREAD V

2578,R PEPPERS R

2463,PEPPER SWEET R PEPPADEW

2600,PEPPERONCINI

,

COV=COVERED IN · FT=FAIR TRADE · GF=GLUTEN FREE · ORG=ORGANIC · PWD=POWDER · R=ROASTED · S=SALTED · U=UNSALTED ·V=VEGAN · WF=WHEAT FREE,

,

,

6270,BASMATI BROWN ORG

6355,BASMATI WHITE

6265,BASMATI WHITE ORG

6300,BROWN LONG

6310,BROWN LONG ORG

6329,BROWN MEDIUM ORG

6330,BROWN SHORT

6340,BROWN SHORT ORG

5085,FORBIDDEN ORG

6220,FORBIDDEN BLACK ORG

6336,HIMALAYAN RED PARBOILED

6295,JAPONICA

6333,JASMINE BROWN ORG

6415,JASMINE LONG LUNDBERG

6205,JASMINE PURPLE

6275,JASMINE WHITE FT ORG

6276,JASMINE THAI FRAGRANT WHITE

6169,KOJI BROWN ORG

6285,MADAGASGAR PINK

6484,NIRVANA WHOLE GRAIN BLEND ORG

6280,PILAF POTLATCH ORG

6335,SAFFRON

3750,SPROUTED BROWN

3725,SPROUTED RED

3745,SPROUTED TRI COLOR

6480,SUSHI BROWN ORG

6423,SUSHI WHITE ORG

6350,SWEET BROWN

6433,SWEET WHITE 

COV=COVERED IN · FT=FAIR TRADE · GF=GLUTEN FREE · ORG=ORGANIC · PWD=POWDER · R=ROASTED · S=SALTED · U=UNSALTED ·V=VEGAN · WF=WHEAT FREE,

2320,SEA COURSE SOLAR

2678,SRIRACHA SALT

2470,SEA REFINED

2666,SMOKE SERRANO SEA SALT

2279,SPANISH ROSEMARY 

2670,WHITE FLAKE CYPRUS

2667,YAKIMA APPLEWOOD SMOKED SEA

2605,SAUCE MUSHROOM ALFREDO 

4330,SAUCE NAMA SHOYU ORG

2345,SAUERKRAUT ALEXANDER VALLEY

2347,SAUERKRAUT APPLEKRAUT

4023,SAUERKRAUT ARAME GINGER RAW

4103,SAUERKRAUT BEET GINGER ORG

2322,SAUERKRAUT BUBBIES WHITE RAW

2221,SAUERKRAUT CURTIDO PROBIOTIC

4104,SAUERKRAUT GARLIC DILL RAW ORG

4344,SAUERKRAUT RAW ORG

6516,SEA CRUNCHIES PACIFIC TOASTED WC

6469,SEA LETTUCE FLAKES PACIFIC

6467,SEA LETTUCE PACIFIC WC

6510,SEA PALM PACIFIC WC

6466,SEA VEGGI FUCUS TIPS BLADDERWRACK

5680,SESAME OIL ORG

5681,SESAME OIL TOASTED ORG

6605,SESAME SEED BLACK ORG

6615,SESAME SEED BROWN ORG

6620,SESAME SEED WHITE HULLED ORG

2490,SESAME STICK

3552,SHICHIMI TOGARASHI

COV=COVERED IN · FT=FAIR TRADE · GF=GLUTEN FREE · ORG=ORGANIC · PWD=POWDER · R=ROASTED · S=SALTED · U=UNSALTED ·V=VEGAN · WF=WHEAT FREE,

5780,UDON NOODLE ORG

2540,UMEBOSHI PASTE ORG

2541,UMEBOSHI PLUM

4371,VANILLA EXTRACT ALCOHOL FREE

4370,VANILLA EXTRACT ORG

5040,VEGGIE BROTH ORG

,VINEGAR

7220,APPLE UNFILTERED SPECTRUM

7285,BALSAMIC COCOA

7280,BALSAMIC COFFEE

7255,BALSAMIC ORG

7256,BALSAMIC WHITE

7225,BRAGGS APPLE CIDER ORG

7245,BROWN RICE ORG

7238,CABERNET SAUVIGON

7242,CHARDONNAY

7253,D'ANJOU

7235,MOSCATEL WINE

7254,PEAR 1 GALLON VINEGAR

7260,RASPBERRY

7230,RED WINE ORG

7240,RICE NAKANO

7275,SHERRY JEREZ

7265,SOLANO SHERRY

7250,SPARKLING WINE

7270,TRIO RED WINE

7215,WHITE WINE ORG

6499,WAKAME ATLANTIC

5351,WALNUT BUTTER RAW ORG

COV=COVERED IN · FT=FAIR TRADE · GF=GLUTEN FREE · ORG=ORGANIC · PWD=POWDER · R=ROASTED · S=SALTED · U=UNSALTED ·V=VEGAN · WF=WHEAT FREE,

,

5385,ALMOND BUTTER CRUNCHY R ORG

5415,ALMOND BUTTER HAZELNUT R ORG

2664,ALMOND SLICED HONEY GLAZED ORG

6440,ARAME SEAWEED

6140,ARROWROOT PWD

6805,BARLEY MALT SYRUP ORG

6280,BASMATI RICE BROWN BABY KALIJIRA

2640,CALYPSO BEANS

2205,CHRISTMAS BEANS

2625,GOODMOTHERS STALLARD BEANS

2633,HIDATSA BEANS

2035,LUPIN BEANS

2107,MARROW BEANS

2105,MIDNIGHT BLACK BEANS

2605,PEBBLE BEANS

2162,PERUANO BEANS

2250,PIEGON PEA

2206,PINK BEANS ORG

2100,RANCHO GORDO BEANS

2100,RIO ZAPE BEANS

2237,RED NIGHT FALL BEANS

2217,STUBEN YELLOW EYE BEANS

2630,SUNSET RUNNER BEANS

2106,VAQUERO BEANS

2316,WHITE RUNNER BEANS

5361,BISCOTTI ROSEMARY PARMESAN MINI

5350,BISCOTTI SAVORY

6825,BROWN SUGAR ORG

5625,CANOLA OIL

5235,CASHEW BRAGGS

5354,CASHEW BUTTER R ORG

5160,CASHEW SALT & PEPPER

2845,CHERRY COV DARK CHOCO FT ORG

2790,CHOCOLATE BUTTON COCONUT VEGAN

2795,BUTTON VEGAN

2915,CHOCOLATE CHERRY

2795,CHOCOLATE CHOCO DROPS DARK

2774,CHOCOLATE FT ORG

2015,DARK CHOCOLATE MINI BARS ORG

2700,HOT CHOCOLATE PISTOLES 

2782,MILK CHOCOLATE

2935,WRAPPED CHOCOLATE NUGGET

2863,BITTERSWEET CHOCOLATE CHIPS

2780,GRAIN SWEETENED CHOCOLATE CHIPS

2853,WHITECHOCOLATE CHIPS ORG

2425,COAST ROAST GUATAMALA COFFEE

2423,CAPRICORN FRENCH DARK COFFEE ORG

2423,CAPRICORN DARK FRENCH COFFEE

2348,DE LA PAZ COSTA RICAN COFFEE ORG

2397,DE LA PAZ ETHIOPIAN WUTETE YAYO COFFEE

2416,DE LA PAZ GUATEMALAN COFFEE ORG

2393,DE LA PAZ MUMIRWA BURUNDI COFFEE

2344,DE LA PAZ MOREDECOFE COFFEE

2374,EQUAL EXCHANGE NICA DECAF COFFEE

2376,EQUAL EXCHANGE RIO AZUL COFFEE FT

2348,IBIS COSTA RICA COFFEE

2344,IBIS FRENCH COFFEE

2347,IBIS MAYAN SUN RISE COFFEE

2382,MUD MAYAN TEMPLE COFFEE ORG

2383,MUD RISE AND SHINE COFFEE

2397,OUTLAND ITALIAN COFFEE

2381,RITUAL BOLIVIAN COFFEE

2443,RITUAL SUMATRAN COFFEE

2447,RITUAL EHTIOPIAN COFFEE

2384,TAYLOR MAID SULAWASI COFFEE

2407,TEECCINO ORIGINAL

2406,TEECCINO VANILLA

2318,THANKSGIVING TROUBLE COFFEE

2412,THANKSGIVING UGANDAN COFFEE

2411,VASQUEZ MANHATTEN DARK COFFEE

2421,VASQUEZ MEXICAN UNROASTED ORG COFFEE

2476,VASQUEZ ZAPITSTA LIGHT COFFEE

2333,CORN CHIPS

4020,COUSCOUS LEBANESE

2999,DATE SPICE CRUNCHIES

6115,EGG REPLACER

6230,ELECTROLYTE REPLACE

2888,CRAN APRICOT ENERGY NUGGET ORG

2889,SUPER GREENS ENERGY NUGGET

2889,TUMERIC ENERGY NUGGET

2950,FARINA GUISTO

3170,FIGS CALIMYRNA DRIED ORG

4252,FLAX CEREAL ORG

3688,FLOUR BREAD WHITE  ORG

5085,FORBIDDEN RICE ORG

4095,FREEKEH CRACKED

6519,GINGER KELP BAR

2810,GINGER LEMON DROP

2929,GINGER PICKLED

3575,GLUTEN FLOUR ORG

2705,GOJI BERRY COV CHOCOLATE

4675,ACAI APPLE GRANOLA

3788,APPLE RAISIN GRANOLA

3888,APPLE RAISIN WALNUT GRANOLA

4320,AUNT GINGERS GRANOLA

3788,BANANA CRUNCH GRANOLA

4345,BLACK N BLUE GRANOLA

4316,CALYPSO CRUNCH GRANOLA

3598,CHERRY ALMOND QUINOA GRANOLA\ ORG

4314,CHERRY PECAN GRANOLA

4002,CHOCOLATE FANTASY GRANOLAORG

3594,CHOCOLATE HAZELNUT FIG GRANOLA ORG

3716,COCO CHOCO GOJI GRANOLA ORG

4279,CRANBERRY GRANOLA

4007,CRANBERRY CASHEW PECAN GRANOLA ORG

5312,CRANBERRY MAPLE GRANOLAORG

4315,DIVINELY GRANOLA ORG

3593,FARM BLEND GRANOLA

4240,FREE RAISIN GRANOLA

4291,GINGER SNAP GRANOLA

4325,LOW FAT BERRY GRANOLA

3801,MAPLE PECAN GRANOLA

4285,NEW ENGLAND GRANOLA

4325,OIL FREE BERRY GRANOLA

4670,POMO PLUS GRANOLA

4246,PUMPKIN SPICE GRANOLA

4297,RASPBERRY ORG GRANOLA

2973,RAINFOREST GRANOLA

4255,RASPBERRY N CREAM GRANOLA

4006,TRIPLE BERRY ORG GRANOLA

4120,VANILLA NOT SWEET GRANOLA

3595,VERITAS GRANOLA

4115,VERY BERRY CRUNCH GRANOLA

2905,WILD BLUEBERRY GRANOLA

5666,GRAPESEED OIL

3965,GRITS BARLEY

3525,GRITS CORN

2947,GRITS CORN BLUE 

5327,HEMPSEED BUTTER ORG

6470,HIJIKI SEAWEED

4145,HOMINY CORN

6831,HONEY CLOVER

2770,HONEY MINTS

3380,HUNZA BERRIES

6295,JAPONICA RICE

6415,JASMINE RICE LONG LUNDBERG

2845,JOLLY BEANS NATURAL

5301,KAMUT COOKIES ORG

3040,KAMUT WHEAT CEREAL ORG

6517,KELP CRUNCH BAR MAPLE

6506,KELP PWD NEREO

6169,KOJI RICE BROWN ORG

6170,KUDZU ROOT STARCH ORG

2210,LENTIL

2220,LENTIL RED SPLIT ORG

2266,LENTIL SOUP MIX

5760,LO MEIN NOODLES

5285,MACADAMIA RAW ORG

5300,MACADAMIA R/S ORG

6250,MILK PWD W/ EGG

5600,MIXED NUTS HONEY ROASTED

4077,MUSELI OMEGA 3 ORG

4300,MUSELI ORG

3988,MUSELI UNSWEETENED

2555,PORTABELLA DRIED MUSHROOMS

5025,NATURES BURGER

3190,NECTARINE DRIED ORG

3210,NECTARINE WHITE DRIED ORG

6465,NORI SEA RINSED PACIFIC WC

4500,OAT BERRIES WHOLE

2900,OLD WORLD CEREAL MIX ORG

2565,OLIVE OIL CASTELCALTRANO MIXED

5660,OLIVE OIL JALAPENO EXTRA VIRGIN

5660,OLIVE OIL MISSION TRAIL EXTRA VIRGIN

5645,OLIVE OIL MISSION WINTER

5646,OLIVE OIL NAPA EXTRA VIRGIN ORG

5690,OLIVE OIL PALESTINIAN EXTRA VIRGIN

5665,OLIVE OIL ROSEMARY EXTRA VIRGIN

5644,OLIVE OIL TEHAMA GOLD 

2525,OLIVE SALADA

6985,OLIVES ANTIPASTO MIX GREEK

2645,OLIVES ARBEQUINA ORG

2550,OLIVES BLACK FARGA 

2445,OLIVES BLACK NICOISE

2551,OLIVES CEXICAN CHIPOLTE

3445,OLIVES FARMERS MIX

2449,OLIVES GREEK MIXED ORG

2553,OLIVES GREEN BOSANO

5405,OLIVES GREEN CHOPPED SPREAD

2554,OLIVES GREEN CINNAMON CARDAMEN 

2467,OLIVES GREEN CRACKED

2258,OLIVES GREEN HERBES DE PROVENCE 

2458,OLIVES GREEN PITTED

2485,OLIVES GREEN PITTED W/ CHILES

2295,OLIVES GREEN SONOMA LOCAL 

2458,OLIVES GREEN SONOMA PITTED 

,

2246,OLIVES LECCINO FRANTOIO

2451,OLIVES MANZANELLA ORG

2295,OLIVES MCEVOY TUSCAN

2440,OLIVES MIXED W/ HERBS

2530,OLIVES NICOISES COQUILLOS

5555,OLIVES ON THE FLY 2012

2249,OLIVES SEVILLANO ORG

3748,ONION GRILLED

5715,PASTA ALFABETO

6077,PASTA BOWTIE VEGGIE

5994,PASTA CHITARRA WHOLE WHEAT

5800,PASTA EGG NOODLES

5840,PASTA EGG NOODLES ORG

5763,PASTA ELBOW

5867,PASTA ELBOW VITA SPELT ORG

5765,PASTA FETTUCINE NEST

6071,PASTA FETTUCINE NEST SPINACH

5770,PASTA FETTUCINI BROWN RICE

5797,PASTA FUSILLI TRI COLOR

5105,PASTA GEMELLI

5722,PASTA LASAGNA

5815,PASTA LASAGNE GARDENTIME ORG

5733,PASTA ASAGNA SPINACH

6070,PASTA LIL DREAMS GF WF

5860,PASTA ORECCHIETTE WHOLE SPELT WHEAT

5255,PASTA ORZO MELON SEED

5725,PASTA ORZO WHOLE WHEAT

5850,PASTA PAGODAS CORN QUINOA ORG

5822,PASTA PENNE BROWN RICE LUNDBURG ORG

5840,PASTA PENNE CORN QUINOA

5855,PASTA PENNE EDDIES VEGI ORG

5735,PASTA RADIATORE

6085,PASTA RAVIOLI FRESH BUTTERNUT VEGAN

5737,PASTA RIBBION ARTICHOKE

5896,PASTA RIBBION EGG ORG

5898,PASTA RIGATONI ORG

6033,PASTA ROTELLE RAINBOW ORG

5955,PASTA ROTINI ORG

5762,PASTA SHELL

6005,PASTA SHELL SPELT ORG

5860,PASTA SHELL WHOLE WHEAT SPELT

6055,PASTA SHELL VEGETABLE ORG

6006,PASTA SPAGHETTI ORG

6010,PASTA SPAGHETTI WHOLE WHEAT ORG 

6059,PASTA TRENNE

5600,PASTA TORTIGLIONI PASTA

6040,PASTA TWISTIES ROYAL SPINACH

5705,PASTA ZUCHHETTE

3210,PEACH DRIED

3230,PEACH DRIED ORG

5451,PEANUT BUTTER CREAMY ORG

5454,PEANUT BUTTER CREAMY ORG

5450,PEANUT BUTTER CRUNCHY ORG

5240,PEANUT BUTTER STOCK ORG

5230,PEANUT IN SHELL

5650,PEANUT OIL

5320,PEANUT R/S SPANISH

3226,PEAR HALF DRIED ORG

5380,PECAN BUTTER ORG

5320,PECAN IN SHELL

5299,PECAN MAPLE COATED

5260,PECAN PIECES ORG

,

2528,PEPPER RED R SPREAD VEGAN

2526,PESTO CILANTRO

3240,PINEAPPLE DRIED SUGAR COATED

5531,PISTACHIO BUTTER ORG

5163,PISTACHIO GARLIC & HERB ORG

5168,PISTACHIO SALT/PEPPER ORG

2805,POMEGRANITE PUNCH CANDY

2963,PRETZEL PEANUT BUTTER

6561,PUMPKIN SEED RAW

5302,QUINOA COOKIE GF

4155,QUINOA FLAKES ORG

3192,RASPBERRY DRIED ORG

5336,ROOIBOS TEA COOKIES

3594,ROSEMARY RYE PORRIDGE

2588,SALSA DELFINA ORG

2668,SALT HAWAIIAN RED ALAEA

2480,SALT LIMA SEA

2239,SALT PINK HIMALAYAN LARGE CHUNK 

2668,SALT RED SEA HAWAIANN ALAEA

2667,SALT YAKIMA APPLEWOOD SMOKED SEA

4023,SAURKRAUT ARAME GINGER RAW

4022,SAURKRAUT DILL GARLIC

2490,SESAME STICK

2271,SOUP BROTH ORG

6260,SOY MILK PWD

5665,SOY OIL ORG

6249,SOY PROTIEN PWD COM

6245,SOY PROTEIN PWD ORG

6240,SOY PWD

3216,STRAWBERRY DRIED ORG

6890,SUGAR SUCANAT  FT ORG

6650,SUNFLOWER SEED TAMARI

5035,TABOULI SALAD

4036,TEFF FLOUR BROWN

4352,TRAIL MIX CRANBERRY CASHEW CHOCOLATE 

4899,TRAIL MIX GO CHERRY

5590,TRAIL MIX SUNRIDGE FARMS PARTY MIX

5593,TRAIL MIX TROPICAL DELIGHT MIX ORG

4184,TRITICALE FLAKES ORG

4088,TRITICULE GRAIN ORG

4371,VANILLA EXTRACT ALCOHOL FREE

5040,VEGGIE BROTH ORG

7555,VINEGAR BALSAMIC WHITE

7245,VINEGAR BROWN RICE ORG

7260,VINEGAR RASPBERRY

7275,VINEGAR SHERRY JEREZ

7265,VINEGAR SOLANO SHERRY

6484,WHOLE GRAIN RICE BLEND ORG

3685,WHOLE WHEAT FLOUR BREAD ORG

3690,WHOLE WHEAT FLOUR MEDIUM ORG

5351,WALNUT BUTTER RAW ORG

5143,WALNUT HONEY R ORG

5298,WALNUT MAPLE COATED

4232,WHEAT GERM TOASTED

4055,WHOLE WHEAT GRAIN

,

2466,ARTICHOKE HEARTS GRILLED

2585,ARTICHOKE QUARTERS W/ PEPPERS

6440,ARAME SEAWEED

6140,ARROWROOT PWD

3304,BAC'UNS BACONLESS BITS ORG

5077,BAKING MIX WHEAT&DAIRY FREE ORG

2120,BAKING PWD

2110,BAKING SODA

3740,BANANA CHIPS ORG

3956,BARLEY FLAKES ORG

6805,BARLEY MALT SYRUP ORG

6180,BARLEY MALT PWD ORG

3955,BARLEY HULLED ORG

3950,BARLEY PEARLED ORG

3965,BARLEY PURPLE HULLED ORG

3960,BARLEY SPROUTING ORG

,BEANS

2163,ANASAZI 

2160,AZUKI ORG

2170,BLACKEYED PEA ORG

2007,BLACK BEAN SALAD

3458,BLACK BEAN SOUP

2180,BLACK TURTLE ORG

2640,BLACK CALYPSO

2245,CANNELLIN 0RG

2100,CASSOULET

2125,CHANA DAL SPLIT GARBANZO

2576,CHICKPEAS IN MARINADE

2205,CHRISTMAS

,

,printed 8/19/2015

,printed 8/19/2015

3970,BUCKWHEAT RAW ORG

3980,BUCKWHEAT TOASTED ORG

4015,BULGAR WHEAT ORG

6150,BUTTERMILK PWD ORG

2995,CACAO BEAN RAW ORG

6062,CACAO BUTTER RAW ORG

2943,CACAO NIBS RAW ORG

6163,CACAO PWD RAW ORG

6880,CANE SUGAR EVAPORATED FT ORG

5625,CANOLA OIL

5635,CANOLA OIL ORG

2522,CAPERBERRY

2523,CAPER SALT CURED ORG

2921,CAROB PWD RAW ORG

2920,CAROB PWD TOASTED

5235,CASHEW BRAGGS

5373,CASHEW BUTTER MAPLE ORG

5354,CASHEW BUTTER R ORG

5353,CASHEW BUTTER RAW ORG

5103,CASHEW CAJUN ORG

5230,CASHEW CHEEZY TOMATO

5165,CASHEW CURRY ORG

5065,CASHEW KRINKLE WRAPPED

5161,CASHEW PIECES ORG

5160,CASHEW SALT & PEPPER

5104,CASHEW SEA SALT & ONION R/S ORG

5185,CASHEW WHOLE R/S ORG

5180,CASHEW WHOLE RAW ORG

2900,CEREAL BLEND ORG

,

2780,GRAIN SWEETENED

2782,MILK

2785,SEMI SWEET

2863,SEMI SWEET FT ORG

2853,WHITE ORG

5490,COCONUT BUTTER RAW ORG

3045,COCONUT CHIPS TOASTED ORG

3030,COCONUT DATE ROLL ORG

3065,COCONUT FLAKES UNSWEETEND ORG

5495,COCONUT OIL RAW ORG

6933,COCONUT PALM SUGAR ORG

3140,COCONUT SHRED UNSWEETEND ORG

6556,COCOA PWD DUTCHED ORG

6160,COCOA PWD NATURAL ORG

2421,COFFEE BEAN MEXICAN RAW ORG

,COFFEE

,DE LA PAZ

2398,BOLIVIA

2301,ETHIOPIA DECAFE

2348,COSTA RICAN ORG

2397,ETHIOPIAN WUTETE YAYO

2416,GUATEMALAN ORG

2393,MUMIRWA BURUNDI

2396,GRACELAND

2367,BIG CITY

2397,RWANDAN KANZU

,EQUAL EXCHANGE

2388,BLACK SILK ESPRESSO FT ORG

2375,BREAKFAST DARK FT ORG

,

,printed 8/19/2015

,printed 8/19/2015

,TAYLOR MAID

2402,FARM HOUSE DECAF ORG

2399,GOAT ROCK ROAST ORG

2437,SUMMER HARVEST ROAST ORG

2373,RED ROOSTER FRENCH ROAST ORG

2318,RISE & SHINE ORG

2384,SULAWASI

,TEECCINO

2407,ORIGINAL

2406,VANILLA

,THANKSGIVING

2318,TROUBLE

2412,UGANDAN

,VASQUEZ

2442,EL SALVADOR FT ORG

2417,BRAZIL DARK FT ORG

2415,ESPRESSO ROAST FT ORG

2424,FRENCH ROAST FTORG

2419,ITALIAN FT ORG

2411,MANHATTEN DARK

2421,MEXICAN UNROASTED ORG

2476,ZAPITSTA LIGHT

,UBUNTU

2393,BREAKFAST BLEND FT ORG

2427,ESPRESSO ORG

2403,LA FEM NICARAGUAN FT ORG

2383,PERU DECAFE ORG FT

,

,

,

,

,

,

3380,HUNZA BERRIES

3010,INCA BERRIES GOLDEN ORG

3185,MANGO DRIED ORG

3380,MULBERRY SUNDRIED ORG

3190,NECTARINE DRIED ORG

3210,NECTARINE WHITE DRIED ORG

3205,PAPAYA DRIED ORG

3210,PEACH DRIED

3230,PEACH DRIED ORG

3225,PEAR DRIED ORG

3226,PEAR HALF DRIED ORG

3275,PEAR RUBY DRIED ORG

2546,PERSIMMON DRIED ORG

3240,PINEAPPLE DRIED SUGAR COATED

3245,PINEAPPLE DRIED ORG

3270,PLUM ELEPHANT HEART DRIED ORG

3270,PLUM JOHN W DRIED ORG

3270,PLUM MARIPOSA DRIED ORG

3220,PLUOT SUN DRIED ORG

3260,PRUNES PITTED ORG

3250,PRUNES WHOLE ORG

3295,RAISIN FLAME ORG

3301,RAISIN GOLDEN ORG

3200,RAISIN MONUKKA ORG

3290,RAISIN THOMPSON ORG

3192,RASPBERRY DRIED ORG

2856,REGIONAL FRUIT BLEND ORG

3216,STRAWBERRY DRIED ORG

,

,

,printed 8/19/2015

,printed 8/19/2015

3651,SEMOLINA SUPERFINE ORG

6168,SORGHUM MILO ORG

3605,SPELT WHEAT WHITE ORG

3655,SPELT WHOLE WHEAT ORG

3670,TAPIOCA STARCH ORG

4036,TEFF BROWN

4032,TEFF WHITE

3575,VITAL WHEAT GLUTEN ORG

3685,WHOLE WHEAT BREAD ORG

3405,WHOLE WHEAT HARD RED

3690,WHOLE WHEAT MEDIUM ORG

3700,WHOLE WHEAT PASTRY ORG

4095,FREEKEH CRACKED

2395,R GARLIC R

3553,GARLIC CLOVES BLACK

2575,GIGANDES IN VINAIGRETTE BEANS

2953,GINGER CHEW REEDS

5333,GINGER COOKIE

2929,GINGER PICKLED

3112,GRAIN SALAD

,GRANOLA

4675,ACAI APPLE

3788,APPLE RAISIN

3888,APPLE RAISIN WALNUT

4009,APPLE WALNUT GF ORG GRAN

4320,AUNT GINGERS

4318,AUNT MAPLES

3788,BANANA CRUNCH

4008,BANANA WALNUT GF ORG GRAN

,

,

,

,

2993,WAY TO LIFE GRAN

2905,WILD BLUEBERRY

5666,GRAPESEED OIL

3965,GRITS BARLEY

3525,GRITS CORN

2947,GRITS CORN BLUE 

2944,GRITS CORN WHITE QUICK ORG

3915,GRITS MILLET ORG

2978,GRITS RICE

3566,GUAR GUM

3966,HATO MUGI BARLEY JOBS TEARS

5372,HAZELNUT BUTTER CHOCOLATE ORG

3889,HAZELNUT BUTTER R ORG

3545,HAZELNUT MEAL ORG

5164,HAZELNUT R ORG

5200,HAZELNUT RAW ORG

3119,HEIRLOOM SALAD BEANS

3577,HEMP & GREENS CEREAL

2974,HEMP PROTEIN PWD ORG

5327,HEMP SEED BUTTER ORG

6535,HEMP SEED HULLED RAW ORG

5612,HEMP SEED TOASTED ORG

6470,HIJIKI SEAWEED

4145,HOMINY CORN

4148,HOMINY CORN WHITE GIANT

6833,HONEY BLACKBERRY RAW

6831,HONEY CLOVER

2770,HONEY MINTS

6835,HONEY TROPICAL BLOSSOM ORG

,

,printed 8/19/2015

,printed 8/19/2015

4450,MISO COUNTRY LOCAL

4490,MISO GARBANZO LOCAL

4430,MISO HATCHO ORG

4480,MISO MELLOW WHITE ORG

4470,MISO NATTO BARLEY

4460,MISO SWEET KYOTO LOCAL

4455,MISO WHITE LOCAL

,MIXED NUTS

5155,GO NUTS U RAW ORG

5600,HONEY R

5245,MAPLE SWEETENED

5205,R/S ORG

5145,SPICY SWEET R

5106,TAMARI R ORG

6860,MOLASSES BARBADOS

6871,MOLASSES BLACKSTRAP ORG

2570,MUFFULETTA SALAD

2561,MUHAMMARA SPREAD

3000,MULTI GRAIN CEREAL

2005,MUNG DAL

,MUSELI

2895,BLUEBERRY ORG

4300,FIDDLERS

4077,OMEGA 3 ORG

4300,ORG

2992,RASPBERRY ORG

2996,SWISS ORG

3988,UNSWEETENED

4250,WILDBERRY

,

2450,KALAMATA PITTED ORG

5400,KALAMATA TAPENADE

2430,KALAMATA WHOLE ORG

2246,LECCINO FRANTOIO

2451,MANZANELLA ORG

2295,MCEVOY TUSCAN

2440,MIXED W/ HERBS

2530,NICOISES 

5555,ON THE FLY 2012

2476,OOPS MIXED

2455,RAINBOW MEDLEY

2249,SEVILLANO ORG

,OLIVE OIL

5658,ARABOSONA EXTRA VIRGIN

5695,ARBEQUINA EXTRA VIRGIN

5647,ARBOSANA

5522,BASIL EXTRA VIRGIN

5625,BLOOD ORANGE

2565,CASTELCALTRANO MIXED

2534,GARLIC EXTRA VIRGIN

5660,JALAPENO EXTRA VIRGIN

5624,LEMON EXTRA VIRGIN

5645,MANZANILLO EXTRA VIRGIN

5655,MISSION EXTRA VIRGIN RAW ORG

5630,MISSION TRAIL REFINED PURE

5660,MISSION TRAIL EXTRA VIRGIN

5645,MISSION WINTER

5646,NAPA EXTRA VIRGIN ORG

5690,PALESTINIAN EXTRA VIRGIN

,

,printed 8/19/2015

,printed 8/19/2015

5831,ORZO RICE QUINOA

5905,ORZO TRICOLOR ORG

5725,ORZO WHOLE WHEAT

5850,PAGODAS CORN QUINOA ORG

6060,PAPPARDELLE DRY/FRESH

6595,PASTA AL CEPPO

3116,PASTA SALAD

5822,PENNE BROWN RICE LUNDBURG ORG

5820,PENNE BROWN RICE TINKYADA ORG

5840,PENNE CORN QUINOA

5855,PENNE EDDIES VEGI ORG

5833,PENNE RICE QUINOA

5895,PENNE RUSTICELLA

5677,PENNE WHOLE WHEAT ORG

5720,PIZECCHI

5735,RADIATORE

6060,RAPPARDELLE FRESH PASTA

6085,RAVIOLI FRESH BUTTERNUT V

6020,RAVIOLI FRESH CHEESE

6075,RAVIOLI FRESH MUSHROOM V

6078,RAVIOLI FRESH PORCINI

6015,RAVIOLI FRESH ONION RED CHARD

6090,RAVIOLI FRESH RED CHARD

6080,RAVIOLI FRESH SPINACH PINENUT

6090,RAVIOLI FRESH TOMATO BASIL MOZ

5737,RIBBION ARTICHOKE

5896,RIBBION EGG ORG

5837,RIBBON PARSLEY GARLIC ORG

6005,RIGATONI FRESH

,

,PESTO

2560,ARTICHOKE LEMON

2456,ARUGULA

2520,BASIL TRADITIONAL 

2526,CILANTRO

2527,KALE

2528,SUNDRIED TOMATO

2524,CASHEW BASIL V

2337,PICKLE BREAD & BUTTER

2380,PICKLE BUBBIES KOSHER DILL

2242,PICKLE DILL SPEARS MILD

2332,PICKLE HALF SOUR

2333,PICKLE MANHATTAN STYLE

2492,PICO DI GALLO CORN CHIPS 

5265,PINENUT RAW

5531,PISTACHIO BUTTER ORG

5278,PISTACHIO CHILI LEMON ORG

5278,PISTACHIO CRUSHED GARLIC R/S

5163,PISTACHIO GARLIC & HERB ORG

5276,PISTACHIO HICKORY SMOKED ORG

5275,PISTACHIO IN SHELL R/S ORG 

5277,PISTACHIO RAW HULLED ORG

5168,PISTACHIO SALT/PEPPER ORG

3580,POLENTA ORG

2805,POMEGRANITE PUNCH CANDY

4141,POPCORN MULTICOLOR ORG

3585,POPCORN WHITE ORG

4140,POPCORN YELLOW ORG

6550,POPPY SEED ORG

,

,printed 8/19/2015

,printed 8/19/2015

6635,VOLCANO ORG

6385,WEHANI ORG

6320,WHITE LONG ORG

6481,WHITE MEDIUM ORG

6296,WILD BLEND ORG

6315,WILD ORG

6316,WILD ORG (GRAYISH COLOR)

2979,RICE BRAN

5640,RICE BRAN OIL

2970,RICE CEREAL CREAMY ORG

2890,RICE CRACKERS JAPANESE ORG

5336,ROOIBOS TEA COOKIES

3594,ROSEMARY RYE PORRIDGE

4160,RYE BERRIES ORG

4165,RYE FLAKES ORG

3600,RYE PUMPERNICKEL MEAL ORG

5670,SAFFLOWER OIL ORG

,SALAD

2007,BLACK BEAN

5465,BOOSTER

2018,BOWTIE PASTA WITH PEANUT SAUCE

2017,COUSCOUS

2575,GIGANDES IN VINAIGRETTE BEANS

3119,HEIRLOOM BEAN

2016,KALE AND SPUD

3117,POTATO SALAD

3112,QUINOA GRAIN V

6475,SEAWEED

5035,TABOULI

,

5775,SOBA NOODLE BUCKWHEAT ORG

6483,SOOFOO GRAIN & LENTIL BLEND ORG

4003,SORGHUM GRAIN ORG

2271,SOUP BROTH ORG

2410,SOY LECITHIN GRANULES

5280,SOY NUTS R U ORG

5665,SOY OIL ORG

4186,SPELT WHEAT FLAKES ORG

4185,SPELT WHEAT ORG

2167,SPICY SOUTHWESTERN SOUP MIX

2265,SPLIT PEA SOUP

2010,SRIRACHA GLASS NOODLES

6825,SUGAR BROWN ORG

6810,SUGAR CANE BROWN 

6895,SUGAR CANE DEMERARA 

6880,SUGAR CANE EVAPORATED FT ORG

6905,SUGAR CANE WHITE

6944,SUGAR DATE RAW ORG

5421,SUGAR MAPLE ORG

6815,SUGAR PWD FT ORG

6925,SUGAR RAPADURA ORG

6890,SUGAR SUCANAT  FT ORG

5664,SUNFLOWER OIL ORG

5357,SUNFLOWER SEED BUTTER ORG

6645,SUNFLOWER SEED HULLED RAW ORG

6630,SUNFLOWER SEED IN SHELL RAW

6506,SUNFLOWER SEED R/S ORG

6650,SUNFLOWER SEED TAMARI R ORG

5099,SUNNY BEARS ORG

,

5143,WALNUT HONEY R ORG

5298,WALNUT MAPLE COATED

5290,WALNUT RAW ORG

5266,WALNUT WILD BLACK

2126,WASABI PWD

4190,WHEAT BERRIES HARD RED ORG

4200,WHEAT BERRIES SOFT WHITE ORG

4210,WHEAT BRAN ORG

4220,WHEAT CRACKED ORG

4230,WHEAT FLAKES RED ORG

4231,WHEAT GERM RAW

4232,WHEAT GERM TOASTED

6105,WHEY PROTEIN PWD ORG

2150,WHEY SWEET PWD ORG

2575,WHITE BEANS IN VINAIGRETTE

4055,WHOLE WHEAT GRAIN

2269,WILD RICE & VEGGIE SOUP MIX

6165,XANTHUM GUM

,YEAST

2130,ACTIVE BAKING DRY

2305,DRY INSTANT

2580,NUTRITIONAL

2590,NUTRITIONAL ORG

,

2100,CHRISTMAS LIMA

2630,COMMUNITY GRAINS

2105,CRANBERRY BORIOTTI

2266,CURRY LENTIL SOUP MIX

2233,FAVA PEELED

2186,FAVA UNPEELED ORG

2185,FLAGELOT ORG

2195,GARBANZO ORG

2625,GOODMOTHERS STALLARD

2331,GREAT NORTHERN

2633,HIDATSA

2200,KIDNEY ORG

2108,LIMA XMAS ORG

2107,LIMA GIANT WHITE

2035,LUPIN

2107,MARROW

2100,MAYOCOBA

2105,MIDNIGHT BLACK

2240,MUNG ORG

2330,NAVY ORG

2106,ORCA ORG

2642,PEBBLE

2162,PERUANO

2250,PIEGON PEA

2206,PINK ORG

2290,PINTO ORG

2100,RANCHO GORDO

2300,RED ORG

2277,REFRIED BLACK INSTANT

,

,

,

2125,CHANA DAL SPLIT GARBANZO

3111,CHERRIES PINOT

6915,CHERRY BERRY MIX ORG

3555,CHESTNUT DRIED

4111,CHIA SEEDS BLACK

5010,"""CHICKEN"" BROTH VEGETARIAN"

2576,CHICKPEAS IN MARINADE

3305,CHILIS ANCHO DRIED ORG

3318,CHILIS CHIPOTLES DRIED ORG

3319,CHILIS HABANERO DRIED ORG

3317,CHILIS NEW MEXICO DRIED ORG

2475,CHILIS W/ HOT OIL

,CHOCOLATE

2829,66% DARK DISCS ORG

2830,ALMOND COV DARK ORG

2840,ALMOND COV MILK ORG

2024,AUTUMN ORG

2075,BUNNIES / DISCS

2790,BUTTON COCONUT V

2792,BUTTON ESPRESSO V

2797,BUTTON MINT V

2796,BUTTON PEANUT BUTTER V

2795,BUTTON V

2800,CACAO NIBS COV DARK ORG

2845,CHERRY COV DARK FT ORG

2850,CHERRY COV MILK CHOC

2795,CHOCO DROPS DARK

2774,CHOCOLATE FT ORG

3536,CHOCOLATE ENGLISH TOFFEE

,

2385,BREAKFAST DECAF FT ORG

2389,BREAKFAST MEDIUM FT ORG

2372,CAFÉ PERU FT ORG

2433,COLUMBIAN FT ORG

2390,ESPRESSO BLEND FT ORG

2378,ESPRESSO DECAF FT ORG

2335,ETHIOPIAN FT ORG

2432,FRENCH FT ORG

2391,FRENCH DECAF FT ORG

2536,GUATEMALAN FT ORG

2371,LOVE BUZZ FT ORG

2336,MIDNIGHT SUN FT ORG

2386,MIND BODY SOUL FT ORG

2374,NICA DECAF FT ORG

2379,NICA FRENCH FT ORG

2376,RIO AZUL FT ORG

,EQUATOR

2366,ALLIGATOR FRENCH ORG

2311,DECAF ORG

2377,JAGUAR ESPRESSO ORG

2733,MOKA JAVA ORG

,FOUR BARREL

2482,BRASS TACKS

,JUST COFFEE

2355,BIKE FUEL ORG

2418,HUMDINGER ORG

2426,SEASONAL ORG

2392,STAMPEDE ROAST

,

,

,

,

5339,COOKIE ESPRESSO SHORTBREAD

5335,COOKIE OATMEAL CURRANT

5336,COOKIE ORANGE

5338,COOKIE PEANUT BUTTER

2333,CORN CHIPS

2334,CORN CHIPS BLUE

2492,CORN CHIPS PICO DI GALLO

2945,CORN FLAKES ORG

4145,CORN YELLOW FLINT 

4030,CORN YELLOW WHOLE ORG

2325,CORNICHON

3530,CORNMEAL BLUE ORG

3520,CORNMEAL STONEGROUND ORG

2135,CORNSTARCH

4050,COUSCOUS ORG

4025,COUSCOUS ISRAEL

4020,COUSCOUS LEBANESE

2017,COUSCOUS SALAD

4055,COUSCOUS WHOLE WHEAT ORG

6162,CREAM OF TARTAR

2985,CRISPY BROWN RICE ORG

2266,CURRY LENTIL SOUP MIX

2221,CURTIDO PROBIOTIC

6944,DATE SUGAR RAW ORG

6895,DEMERARA SUGAR CANE   

2573,DOLMAS BROWN RICE GRAPELEAVES

2572,DOLMAS STUFFED GRAPELEAVES

,

,

,

,

,

,

6450,DULSE ATLANTIC SEAWEED WC

6460,DULSE ATLANTIC FLAKES  WC

3385,EGG HARD BOILED PER EACH

6115,EGG REPLACER

6230,ELECTROLYTE REPLACE

,ENERGY CHUNKS

2883,CACAO GOJI ORG

2887,CAROB SPIRULINA

2886,CHIA ORANGE ORG

2888,CRAN APRICOT  ORG

2884,LEMON POMEGRANATE

2889,SUPER GREENS

2889,TUMERIC ENERGY NUGGET

2562,FALAFEL BALL

5020,FALAFEL MIX

2950,FARINA GUISTO

2990,FARINA WHITE ORG

2940,FARINA WHOLE WHEAT ORG

4180,FARRO EMMER WHEAT ORG

4172,FARRO EMER WHT SEMI PERLD ORG

2954,FIG BARS

4252,FLAX CEREAL ORG

6540,FLAX SEED BROWN ORG

6545,FLAX SEED GOLDEN ORG

6541,FLAX SEED MEAL WHOLE GROUND

,

,

,

,

,

,

,

4345,BLACK N BLUE

2905,BLUEBERRY FLAX

2998,BUCKYS RAW HAZELNUT

4316,CALYPSO CRUNCH

3598,CHERRY ALMOND QUINOA ORG

3720,CHERRY ALMOND ORG

4314,CHERRY PECAN

4665,CHERRY VANILLA

4002,CHOCOLATE FANTASY ORG

3594,CHOCOLATE HAZELNUT FIG ORG

2961,CINNAMON NUT GF

2976,CINNAMON RAISON REBEL GRAN

3716,COCO CHOCO GOJI ORG

3558,COCOA BRAZIL GRAN

4260,COCONUT ALMOND ORG

4279,CRANBERRY

4007,CRANBERRY CASHEW PECAN ORG

4028,CRANBERRY COCONUT ORG GRAN

5312,CRANBERRY MAPLE ORG

3593,FARM BLEND

4010,FLAX PLUS VANILLA ALMOND ORG

4027,FLAX SEED ORG GRAN

4240,FREE RAISIN

4291,GINGER SNAP

4290,GINGER ZING ORG

4273,GOURMET CRANBERRY

4236,GOURMET GINGER

4235,GOURMET OIL FREE

4299,GOURMET ORIGINAL

,

,

,

,

6830,HONEY WILDFLOWER RAW

2564,HUMMUS FRESH

5030,HUMMUS MIX

2400,INKA BEVERAGE

2845,JOLLY BEANS NATURAL

2016,KALE AND SPUD SALAD

5301,KAMUT COOKIES ORG

3040,KAMUT WHEAT CEREAL ORG

4076,KAMUT WHEAT FLAKES ORG

4075,KAMUT WHEAT ORG

6517,KELP CRUNCH BAR MAPLE

6506,KELP PWD NEREO

6500,KELP PWD ORG

6488,KELP WHIP FRONDS PACIFIC WC

4101,KIMCHI GINGER WAKAME RAW ORG

4444,KIMCHI JICIMA RAW

4113,KIMCHI KOREAN MU RADISH

4026,KIMCHI LOCAL RAW ORG

2350,KIMCHI MOTHER IN LAW V

4022,KIMCHI NAMU GAJI LOCAL

4112,KIMCHI SPICY NAPA CABBAGE

2346,KIMCHI TUMERIC HABANERO

4495,KOJI STARTER LOCAL

6455,KOMBU ATLANTIC WC

6170,KUDZU ROOT STARCH ORG

3556,LEEK FLAKE DRIED ORG

2545,LEMON PRESERVED

2216,LENTIL BLACK BELUGA ORG

2210,LENTIL EHTIOPIAN SPICY

,

,

,

2577,MUSHROOMS W HOT PEPPERS

,MUSHROOMS DRIED

2615,CHAGA

2495,CHANTRELLE

2510,MAITAKE

2535,MATSUTAKE

2505,MOREL

2515,PORCINI

2555,PORTABELLA

2500,SHITAKE ORG

4330,NAMA SHOYU SAUCE ORG

5025,NATURES BURGER

4475,NIGARI PWD

2010,NOODLES GLASS COV SRIRACHA

6465,NORI SEA RINSED PACIFIC WC

2975,NUTTY RICE CEREAL

2578,OKRA PICKLED HOT

4080,OAT BERRIES ORG

4500,OAT BERRIES WHOLE

4090,OAT BRAN ORG

3025,OATMEAL SCOTTISH ORG

4115,OATS 25LBS BAG GF

4129,OATS IRISH

4105,OATS QUICK BABY ORG

4100,OATS ROLLED

4110,OATS ROLLED ORG

4125,OATS STEEL CUT ORG

5678,PERSEPHONES

5605,PICUAL EXTRA VIRGIN

5665,ROSEMARY EXTRA VIRGIN

5656,SEVILLANO EXTRA VIRGIN

5644,TEHAMA GOLD 

2525,OLIVE SALADA

3554,ONION CHOPPED DRIED

3748,ONION GRILLED

,PASTA

5875,ACCORDION VEGGIE

5255,ALFABETO

6077,BOWTIE VEGGIE

6045,BUCATINI

5600,CASARECCI

6025,CASERECCE SWEET PEPPER FRESH V

5994,CHITARRA WHOLE WHEAT

6035,CORKSCREW VEGETABLE ORG

5835,CRESTA DI GALLO

5800,EGG NOODLES

5840,EGG NOODLES ORG

5763,ELBOW

5845,ELBOW CORN QUINOA ORG

6026,ELBOW GF

5832,ELBOW RICE QUINOA ORG

5710,ELBOW SEMOLINA ORG

5675,ELBOW WHOLE WHEAT ORG

5867,ELBOW VITA SPELT ORG

5870,FARALLE

5720,FARRO PIZECHI

6065,RIGATONI FRESH GF

5898,RIGATONI ORG

5900,RIGATONI WHOLE WHEAT

5740,RIGATONI WHOLE WHEAT SPINACH

6044,ROTELLE ORG

5805,ROTELLE CORN QUINOA WF

6033,ROTELLE RAINBOW ORG

5762,SHELL

5685,SHELL LOCAL

6005,SHELL SPELT ORG

5860,SHELL WHOLE WHEAT SPELT

6055,SHELL VEGETABLE ORG

5975,SPAGHETTI 

6006,SPAGHETTI ORG

5985,SPAGHETTI BROWN RICE ORG

6010,SPAGHETTI WHOLE WHEAT ORG 

5825,SPIRALS BROWN RICE ORG

5676,SPIRAL VEGETABLE ORG

6072,STRAW AND HAY FETTUCCINE

5865,STROZZAPRETI

6059,TRENNE

7000,TORTELLINI FRESH TRI COLOR

5600,TORTIGLIONI PASTA

5755,TROFIE

6040,TWISTIES ROYAL SPINACH

6050,WHEELIES WHOLE WHEAT

5864,WIZARDS REPLY

5705,ZUCHHETTE

5096,POTATO FLAKES ORG

3117,POTATO SALAD

6212,POTATO STARCH PWD

2491,PRETZEL

2963,PRETZEL PEANUT BUTTER

6561,PUMPKIN SEED RAW

6560,PUMPKIN SEED RAW HULLED ORG

6570,PUMPKIN SEED R/S HULLED ORG

6565,PUMPKIN SED WHTE R/S UNHLD ORG

6815,PWD SUGAR FT ORG

4154,QUINOA BLACK ORG

5302,QUINOA COOKIE GF

4270,QUINOA CRISPIES ORG

4155,QUINOA FLAKES ORG

3112,QUINOA GRAIN SALAD V

4156,QUINOA MULTICOLOR ORG

3942,QUINOA RED ORG

4150,QUINOA WHITE ORG

6580,RADISH SEED ORG

5988,RAMEN BLACK RICE

6925,RAPADURA SUGAR ORG

6581,RED CLOVER SEED ORG

2277,REFRIED BLACK BEAN INSTANT

2288,REFRIED PINTO BEAN INSTANT

,RICE

6425,ARBORIO ORG

6660,BAMBOO JADE PEARL ORG

6305,BASMATI BROWN 

6280,BASMATI BROWN BABY KALIJIRA

2588,SALSA DELFINA ORG

2586,SALSA ESCABECHE FERMENTED

2588,SALSA ROJO FERMENTED

2599,SALSA VERDE FERMENTED

,SALT

2668,ALAEA RED

2665,AUSTRALIAN MURRY RIVER PINK

2675,BLACK CYPRUS

2663,CHERRYWOOD SMOKED

2490,CHILE VERDE SEA

2276,CHIPOTILE

2667,EL DORADO SMOKE SEA

2669,ESPRESSO SALT

2460,FRENCH GREY SEA

2275,HABANERO SEA

2668,HAWAIIAN RED ALAEA

2278,R GARLIC R SALT

2488,JALAPENO SALT

2405,KOSHER CHEF

2677,LEMON ROSEMARY

2480,LIMA SEA

2281,LIME FRESCO

2405,MALDON

2236,PINK HIMALAYAN COARSE

2238,PINK HIMALAYAN FINE

2239,PINK HIMALAYAN LARGE CHUNK 

2481,PORTUGUESE SEA

2773,REAL PINK 

2668,RED SEA HAWAIANN ALAEA

5060,SUNNY SLICES V ORG

5035,TABOULI SALAD

5550,TAHINI RAW ORG

5540,TAHINI TOASTED

5549,TAHINI TOASTED ORG

4350,TAMARI WF ORG

2595,TAMARIND ORG

4187,TAPIOCA SMALL PEARLED 

4035,TEFF GRAIN

4038,TEFF GRAIN IVORY

6920,TOFU HODO FIRM ORG

5230,TOMATO CHEEZY CASHEW  

2477,R TOMATO R

3307,TOMATO SUNDRIED ORG

,TRAIL MIX

4356,7TH HEAVEN ORG

4019,GRIZZLIES ORG

5565,APPLENUT ORG

4352,CRANBERRY CASHEW CHOCOLATE 

4899,GO CHERRY

6900,GO TAKE A HIKE! ORG

5560,GO TAKE A WALK! RAW ORG

5595,HIT THE TRAIL ORG

5800,MIXED FAIL! AKA OOPS TRAIL MIX

4332,OREGON ORG

5570,SPICY BRAGGS

4184,TRITICALE FLAKES ORG

4088,TRITICULE GRAIN ORG

3135,TSP ORG